Player,Salary,Year,Level
"Abreu, Jose",11666667.00,2016,MLB
"Acevedo, Andury",507500.00,2016,MLB
"Ackley, Dustin",3200000.00,2016,MLB
"Adames, Cristhian",507500.00,2016,MLB
"Adams, Austin",507500.00,2016,MLB
"Adams, Matt",1650000.00,2016,MLB
"Adrianza, Ehire",507500.00,2016,MLB
"Aguilar, Jesus",507500.00,2016,MLB
"Ahmed, Nick",507500.00,2016,MLB
"Albers, Matt",2000000.00,2016,MLB
"Alberto, Hanser",507500.00,2016,MLB
"Alburquerque, Al",1100000.00,2016,MLB
"Alcantara, Arismendy",0.00,2016,MLB
"Alcantara, Raul",507500.00,2016,MLB
"Alcantara, Victor",507500.00,2016,MLB
"Alexander, Scott",507500.00,2016,MLB
"Alfaro, Jorge",507500.00,2016,MLB
"Allen, Cody",4150000.00,2016,MLB
"Almonte, Abraham",507500.00,2016,MLB
"Almonte, Miguel",507500.00,2016,MLB
"Alonso, Yonder",2650000.00,2016,MLB
"Altherr, Aaron",507500.00,2016,MLB
"Altuve, Jose",3687500.00,2016,MLB
"Alvarez, Dariel",507500.00,2016,MLB
"Alvarez, Dario",507500.00,2016,MLB
"Alvarez, Henderson",4250000.00,2016,MLB
"Alvarez, Jose",507500.00,2016,MLB
"Alvarez, R.J.",507500.00,2016,MLB
"Amarista, Alexi",1350000.00,2016,MLB
"Anderson, Brett",15800000.00,2016,MLB
"Anderson, Chase",507500.00,2016,MLB
"Anderson, Cody",507500.00,2016,MLB
"Anderson, Tyler",507500.00,2016,MLB
"Andriese, Matt",507500.00,2016,MLB
"Andrus, Elvis",15250000.00,2016,MLB
"Anna, Dean",507500.00,2016,MLB
"Aoki, Nori",5500000.00,2016,MLB
"Aplin, Andrew",507500.00,2016,MLB
"Aquino, Jayson",507500.00,2016,MLB
"Araujo, Elvis",507500.00,2016,MLB
"Archer, Chris",2916667.00,2016,MLB
"Arcia, Orlando",507500.00,2016,MLB
"Arcia, Oswaldo",507500.00,2016,MLB
"Arenado, Nolan",5000000.00,2016,MLB
"Armstrong, Shawn",507500.00,2016,MLB
"Aro, Jonathan",507500.00,2016,MLB
"Arrieta, Jake",10700000.00,2016,MLB
"Asche, Cody",507500.00,2016,MLB
"Asher, Alec",507500.00,2016,MLB
"Avila, Alex",2500000.00,2016,MLB
"Avilan, Luis",1390000.00,2016,MLB
"Aviles, Mike",2000000.00,2016,MLB
"Axford, John",4500000.00,2016,MLB
"Aybar, Erick",8750000.00,2016,MLB
"Baez, Javier",507500.00,2016,MLB
"Baez, Pedro",507500.00,2016,MLB
"Bailey, Homer",18000000.00,2016,MLB
"Baker, Dylan",507500.00,2016,MLB
"Bandy, Jett",507500.00,2016,MLB
"Banuelos, Manny",507500.00,2016,MLB
"Barbato, Johnny",507500.00,2016,MLB
"Barnes, Austin",507500.00,2016,MLB
"Barnes, Brandon",507500.00,2016,MLB
"Barnes, Jacob",507500.00,2016,MLB
"Barnes, Matt",507500.00,2016,MLB
"Barnette, Tony",1500000.00,2016,MLB
"Barney, Darwin",1050000.00,2016,MLB
"Barnhart, Tucker",507500.00,2016,MLB
"Baron, Steve",507500.00,2016,MLB
"Barraclough, Kyle",507500.00,2016,MLB
"Barrett, Aaron",507500.00,2016,MLB
"Barrett, Jake",507500.00,2016,MLB
"Barrios, Yhonathan",507500.00,2016,MLB
"Bassitt, Chris",507500.00,2016,MLB
"Bastardo, Antonio",5375000.00,2016,MLB
"Bauer, Trevor",507500.00,2016,MLB
"Baumann, Buddy",507500.00,2016,MLB
"Bautista, Jose",14000000.00,2016,MLB
"Beck, Chris",507500.00,2016,MLB
"Beckham, Gordon",1250000.00,2016,MLB
"Beckham, Tim",507500.00,2016,MLB
"Bedrosian, Cam",507500.00,2016,MLB
"Beeler, Dallas",507500.00,2016,MLB
"Bell, Josh",507500.00,2016,MLB
"Bellatti, Andrew",507500.00,2016,MLB
"Belt, Brandon",6200000.00,2016,MLB
"Beltran, Carlos",15000000.00,2016,MLB
"Beltre, Adrian",18000000.00,2016,MLB
"Benoit, Joaquin",7500000.00,2016,MLB
"Bergman, Christian",507500.00,2016,MLB
"Bernard, Wynton",507500.00,2016,MLB
"Berry, Tim",507500.00,2016,MLB
"Betances, Dellin",507500.00,2016,MLB
"Bethancourt, Christian",507500.00,2016,MLB
"Bettis, Chad",507500.00,2016,MLB
"Betts, Mookie",507500.00,2016,MLB
"Biagini, Joe",507500.00,2016,MLB
"Biddle, Jesse",507500.00,2016,MLB
"Bird, Greg",507500.00,2016,MLB
"Blach, Ty",507500.00,2016,MLB
"Black, Ray",507500.00,2016,MLB
"Blackburn, Clayton",507500.00,2016,MLB
"Blackmon, Charlie",3500000.00,2016,MLB
"Blanco, Andres",1450000.00,2016,MLB
"Blanco, Gregor",3900000.00,2016,MLB
"Blanton, Joe",4000000.00,2016,MLB
"Blash, Jabari",507500.00,2016,MLB
"Blazek, Michael",507500.00,2016,MLB
"Blevins, Jerry",4000000.00,2016,MLB
"Bogaerts, Xander",507500.00,2016,MLB
"Bolsinger, Mike",0.00,2016,MLB
"Bonifacio, Emilio",1250000.00,2016,MLB
"Bonifacio, Jorge",507500.00,2016,MLB
"Bostick, Chris",507500.00,2016,MLB
"Bour, Justin",507500.00,2016,MLB
"Bourjos, Peter",2000000.00,2016,MLB
"Bourn, Michael",14000000.00,2016,MLB
"Bowman, Matt",507500.00,2016,MLB
"Boxberger, Brad",507500.00,2016,MLB
"Boyd, Matt",507500.00,2016,MLB
"Brach, Brad",1250000.00,2016,MLB
"Bracho, Silvino",507500.00,2016,MLB
"Bradley, Archie",507500.00,2016,MLB
"Bradley, Jackie Jr.",507500.00,2016,MLB
"Brantley, Michael",7375000.00,2016,MLB
"Brantly, Rob",507500.00,2016,MLB
"Braun, Ryan",20000000.00,2016,MLB
"Brennan, Brandon",507500.00,2016,MLB
"Brentz, Bryce",507500.00,2016,MLB
"Brett, Ryan",507500.00,2016,MLB
"Brice, Austin",507500.00,2016,MLB
"Bridwell, Parker",507500.00,2016,MLB
"Brito, Socrates",507500.00,2016,MLB
"Britton, Zach",6750000.00,2016,MLB
"Broadway, Mike",507500.00,2016,MLB
"Brooks, Aaron",507500.00,2016,MLB
"Brothers, Rex",1420000.00,2016,MLB
"Brown, Brooks",507500.00,2016,MLB
"Brown, Trevor",507500.00,2016,MLB
"Broxton, Jonathan",3750000.00,2016,MLB
"Broxton, Keon",507500.00,2016,MLB
"Bruce, Jay",0.00,2016,MLB
"Bryant, Kris",507500.00,2016,MLB
"Buchanan, David",507500.00,2016,MLB
"Buchholz, Clay",13000000.00,2016,MLB
"Buchter, Ryan",507500.00,2016,MLB
"Bumgarner, Madison",9950000.00,2016,MLB
"Bundy, Dylan",507500.00,2016,MLB
"Burawa, Danny",507500.00,2016,MLB
"Burgos, Enrique",507500.00,2016,MLB
"Burns, Billy",507500.00,2016,MLB
"Butera, Drew",1162500.00,2016,MLB
"Butler, Billy",11666667.00,2016,MLB
"Butler, Eddie",507500.00,2016,MLB
"Butler, Joey",507500.00,2016,MLB
"Buxton, Byron",507500.00,2016,MLB
"Cabrera, Asdrubal",8250000.00,2016,MLB
"Cabrera, Mauricio",507500.00,2016,MLB
"Cabrera, Melky",14000000.00,2016,MLB
"Cabrera, Miguel",28000000.00,2016,MLB
"Cabrera, Ramon",507500.00,2016,MLB
"Cahill, Trevor",4250000.00,2016,MLB
"Cain, Lorenzo",6500000.00,2016,MLB
"Cain, Matt",20833333.00,2016,MLB
"Calhoun, Kole",3400000.00,2016,MLB
"Caminero, Arquimedes",507500.00,2016,MLB
"Campbell, Eric",507500.00,2016,MLB
"Campos, Leonel",507500.00,2016,MLB
"Campos, Vicente",507500.00,2016,MLB
"Candelario, Jeimer",507500.00,2016,MLB
"Canha, Mark",507500.00,2016,MLB
"Cano, Robinson",24000000.00,2016,MLB
"Capps, Carter",987500.00,2016,MLB
"Carpenter, Matt",6500000.00,2016,MLB
"Carrasco, Carlos",4500000.00,2016,MLB
"Carrera, Ezequiel",507500.00,2016,MLB
"Carroll, Scott",507500.00,2016,MLB
"Carter, Chris",2500000.00,2016,MLB
"Casali, Curt",507500.00,2016,MLB
"Cashner, Andrew",7150000.00,2016,MLB
"Casilla, Santiago",6500000.00,2016,MLB
"Castellanos, Nick",507500.00,2016,MLB
"Castillo, Rusney",11271429.00,2016,MLB
"Castillo, Welington",3700000.00,2016,MLB
"Castro, Daniel",507500.00,2016,MLB
"Castro, Jason",5000000.00,2016,MLB
"Castro, Miguel",507500.00,2016,MLB
"Castro, Starlin",7857143.00,2016,MLB
"Cave, Jake",507500.00,2016,MLB
"Cecchini, Garin",507500.00,2016,MLB
"Cecil, Brett",3800000.00,2016,MLB
"Ceciliani, Darrell",507500.00,2016,MLB
"Cedeno, Xavier",507500.00,2016,MLB
"Cervelli, Francisco",3500000.00,2016,MLB
"Cespedes, Yoenis",20833333.00,2016,MLB
"Cessa, Luis",507500.00,2016,MLB
"Chafin, Andrew",507500.00,2016,MLB
"Chapman, Aroldis",11325000.00,2016,MLB
"Chapman, Kevin",,2016,MLB
"Chargois, J.T.",507500.00,2016,MLB
"Chatwood, Tyler",1000000.00,2016,MLB
"Chavez, Jesse",4000000.00,2016,MLB
"Chen, Wei-Yin",8600000.00,2016,MLB
"Chirinos, Robinson",1550000.00,2016,MLB
"Chisenhall, Lonnie",2725000.00,2016,MLB
"Choi, Ji-Man",507500.00,2016,MLB
"Choo, Shin-Soo",20000000.00,2016,MLB
"Cingrani, Tony",507500.00,2016,MLB
"Cishek, Steve",4000000.00,2016,MLB
"Claudio, Alex",507500.00,2016,MLB
"Clevenger, Steve",507500.00,2016,MLB
"Clevinger, Mike",507500.00,2016,MLB
"Clippard, Tyler",6100000.00,2016,MLB
"Cobb, Alex",4000000.00,2016,MLB
"Coghlan, Chris",4800000.00,2016,MLB
"Colabello, Chris",507500.00,2016,MLB
"Cole, A.J.",507500.00,2016,MLB
"Cole, Gerrit",541000.00,2016,MLB
"Coleman, Louis",750000.00,2016,MLB
"Collins, Tim",1475000.00,2016,MLB
"Collins, Tyler",507500.00,2016,MLB
"Collmenter, Josh",1850000.00,2016,MLB
"Colome, Alex",507500.00,2016,MLB
"Colon, Bartolo",7250000.00,2016,MLB
"Colon, Christian",518425.00,2016,MLB
"Conforto, Michael",507500.00,2016,MLB
"Conger, Hank",1500000.00,2016,MLB
"Conley, Adam",507500.00,2016,MLB
"Contreras, Carlos",507500.00,2016,MLB
"Contreras, Willson",507500.00,2016,MLB
"Cook, Ryan",,2016,MLB
"Cooney, Tim",507500.00,2016,MLB
"Corbin, Patrick",2525000.00,2016,MLB
"Cordero, Jimmy",507500.00,2016,MLB
"Correa, Carlos",507500.00,2016,MLB
"Cosart, Jarred",507500.00,2016,MLB
"Cotham, Caleb",507500.00,2016,MLB
"Cotton, Jharel",507500.00,2016,MLB
"Cowart, Kaleb",507500.00,2016,MLB
"Cowgill, Collin",1000000.00,2016,MLB
"Coyle, Sean",507500.00,2016,MLB
"Cozart, Zack",2925000.00,2016,MLB
"Craig, Allen",9000000.00,2016,MLB
"Cravy, Tyler",507500.00,2016,MLB
"Crawford, Brandon",6000000.00,2016,MLB
"Crawford, Carl",21607143.00,2016,MLB
"Crick, Kyle",507500.00,2016,MLB
"Crisp, Covelli",11000000.00,2016,MLB
"Crockett, Kyle",507500.00,2016,MLB
"Cron, C.J.",507500.00,2016,MLB
"Cruz, Nelson",14250000.00,2016,MLB
"Cruz, Tony",507500.00,2016,MLB
"Cueto, Johnny",15833333.00,2016,MLB
"Cunningham, Todd",507500.00,2016,MLB
"Cuthbert, Cheslor",507500.00,2016,MLB
"d'Arnaud, Travis",507500.00,2016,MLB
"Danks, John",0.00,2016,MLB
"Darvish, Yu",10000000.00,2016,MLB
"Davidson, Matt",507500.00,2016,MLB
"Davies, Zach",507500.00,2016,MLB
"Davis, Chris",21118782.00,2016,MLB
"Davis, Khris",507500.00,2016,MLB
"Davis, Rajai",5250000.00,2016,MLB
"Davis, Rookie",507500.00,2016,MLB
"Davis, Wade",8000000.00,2016,MLB
"De Aza, Alejandro",5750000.00,2016,MLB
"De Fratus, Justin",750000.00,2016,MLB
"De La Rosa, Jorge",12500000.00,2016,MLB
"De La Rosa, Rubby",2350000.00,2016,MLB
"De Los Santos, Abel",507500.00,2016,MLB
"Dean, Pat",,2016,MLB
"deGrom, Jacob",607000.00,2016,MLB
"DeJesus Jr., Ivan",507500.00,2016,MLB
"Delabar, Steve",835000.00,2016,MLB
"Delgado, Randall",1275000.00,2016,MLB
"den Dekker, Matt",507500.00,2016,MLB
"Descalso, Daniel",2100000.00,2016,MLB
"DeSclafani, Anthony",507500.00,2016,MLB
"DeShields Jr., Delino",517130.00,2016,MLB
"Desmond, Ian",8000000.00,2016,MLB
"Despaigne, Odrisamer",507500.00,2016,MLB
"Diaz, Aledmys",2500000.00,2016,MLB
"Diaz, Elias",507500.00,2016,MLB
"Diaz, Jairo",507500.00,2016,MLB
"Diaz, Jumbo",507500.00,2016,MLB
"Dickerson, Alex",507500.00,2016,MLB
"Dickerson, Corey",507500.00,2016,MLB
"Dickey, R.A.",12000000.00,2016,MLB
"Diekman, Jake",1255000.00,2016,MLB
"Dietrich, Derek",507500.00,2016,MLB
"Difo, Wilmer",507500.00,2016,MLB
"Dominguez, Matt",507500.00,2016,MLB
"Donaldson, Josh",11650000.00,2016,MLB
"Doolittle, Sean",1580000.00,2016,MLB
"Doubront, Felix",2000000.00,2016,MLB
"Dozier, Brian",3000000.00,2016,MLB
"Dragmire, Brady",507500.00,2016,MLB
"Drake, Oliver",507500.00,2016,MLB
"Drew, Stephen",3000000.00,2016,MLB
"Drury, Brandon",507500.00,2016,MLB
"Duda, Lucas",6725000.00,2016,MLB
"Duffey, Tyler",507500.00,2016,MLB
"Duffy, Danny",4225000.00,2016,MLB
"Duffy, Matt",507500.00,2016,MLB
"Duffy, Matt",507500.00,2016,MLB
"Duke, Zach",5000000.00,2016,MLB
"Dull, Ryan",507500.00,2016,MLB
"Dunn, Michael",3450000.00,2016,MLB
"Duran, Juan",507500.00,2016,MLB
"Duvall, Adam",507500.00,2016,MLB
"Dyson, Jarrod",1725000.00,2016,MLB
"Dyson, Sam",525270.00,2016,MLB
"Eaton, Adam",2750000.00,2016,MLB
"Edgin, Josh",625000.00,2016,MLB
"Edwards, Carl",507500.00,2016,MLB
"Edwards, Jon",507500.00,2016,MLB
"Eibner, Brett",507500.00,2016,MLB
"Eickhoff, Jerad",,2016,MLB
"Elias, Roenis",507500.00,2016,MLB
"Ellington, Brian",507500.00,2016,MLB
"Ellis, A.J.",,2016,MLB
"Ellsbury, Jacoby",21142857.00,2016,MLB
"Encarnacion, Edwin",10000000.00,2016,MLB
"Eovaldi, Nate",5600000.00,2016,MLB
"Erlin, Robbie",507500.00,2016,MLB
"Esch, Jacob",507500.00,2016,MLB
"Escobar, Alcides",5250000.00,2016,MLB
"Escobar, Eduardo",2150000.00,2016,MLB
"Escobar, Edwin",507500.00,2016,MLB
"Escobar, Yunel",7000000.00,2016,MLB
"Espinosa, Danny",2875000.00,2016,MLB
"Estevez, Carlos",507500.00,2016,MLB
"Estrada, Marco",11500000.00,2016,MLB
"Ethier, Andre",18000000.00,2016,MLB
"Familia, Jeurys",4100000.00,2016,MLB
"Faria, Jacob",507500.00,2016,MLB
"Farmer, Buck",507500.00,2016,MLB
"Farquhar, Danny",507500.00,2016,MLB
"Faulkner, Andrew",507500.00,2016,MLB
"Featherston, Taylor",507500.00,2016,MLB
"Feldman, Scott",8000000.00,2016,MLB
"Feliz, Michael",507500.00,2016,MLB
"Feliz, Neftali",3900000.00,2016,MLB
"Fernandez, Jose",2800000.00,2016,MLB
"Ferrell, Jeff",507500.00,2016,MLB
"Fielder, Prince",24000000.00,2016,MLB
"Fields, Daniel",507500.00,2016,MLB
"Fields, Josh",900000.00,2016,MLB
"Fien, Casey",2275000.00,2016,MLB
"Fiers, Michael",507500.00,2016,MLB
"Finnegan, Brandon",507500.00,2016,MLB
"Fister, Doug",7000000.00,2016,MLB
"Flaherty, Ryan",1500000.00,2016,MLB
"Flores, Kendry",507500.00,2016,MLB
"Flores, Ramon",507500.00,2016,MLB
"Flores, Wilmer",507500.00,2016,MLB
"Florimon Jr, Pedro",507500.00,2016,MLB
"Flowers, Tyler",2000000.00,2016,MLB
"Floyd, Gavin",1000000.00,2016,MLB
"Flynn, Brian",507500.00,2016,MLB
"Foltynewicz, Mike",507500.00,2016,MLB
"Fontana, Nolan",507500.00,2016,MLB
"Forsythe, Logan",2250000.00,2016,MLB
"Fowler, Dexter",8000000.00,2016,MLB
"Franco, Maikel",507500.00,2016,MLB
"Franklin, Nick",507500.00,2016,MLB
"Frazier, Todd",8250000.00,2016,MLB
"Freeman, Freddie",12359375.00,2016,MLB
"Freeman, Sam",520700.00,2016,MLB
"Frias, Carlos",507500.00,2016,MLB
"Fuentes, Reymond",507500.00,2016,MLB
"Fuld, Sam",1925000.00,2016,MLB
"Fulmer, Michael",507500.00,2016,MLB
"Furbush, Charlie",1600000.00,2016,MLB
"Gallardo, Yovani",9000000.00,2016,MLB
"Gallo, Joey",507500.00,2016,MLB
"Galvis, Freddy",2000000.00,2016,MLB
"Gamel, Ben",507500.00,2016,MLB
"Gant, John",507500.00,2016,MLB
"Garcia, Adonis",507500.00,2016,MLB
"Garcia, Anthony",,2016,MLB
"Garcia, Avisail",2100000.00,2016,MLB
"Garcia, Greg",507500.00,2016,MLB
"Garcia, Jaime",11500000.00,2016,MLB
"Garcia, Jarlin",507500.00,2016,MLB
"Garcia, Jason",507500.00,2016,MLB
"Garcia, Leury",507500.00,2016,MLB
"Garcia, Luis",507500.00,2016,MLB
"Garcia, Willy",507500.00,2016,MLB
"Garcia, Yimi",507500.00,2016,MLB
"Gardeck, Ian",507500.00,2016,MLB
"Gardner, Brett",13500000.00,2016,MLB
"Garneau, Dustin",507500.00,2016,MLB
"Garrett, Amir",507500.00,2016,MLB
"Garza, Matt",12500000.00,2016,MLB
"Gattis, Evan",3300000.00,2016,MLB
"Gausman, Kevin",507500.00,2016,MLB
"Gearrin, Cory",507500.00,2016,MLB
"Geltz, Steve",507500.00,2016,MLB
"Gennett, Scooter",507500.00,2016,MLB
"Gentry, Craig",1000000.00,2016,MLB
"Giavotella, Johnny",507500.00,2016,MLB
"Gibson, Kyle",507500.00,2016,MLB
"Giles, Ken",507500.00,2016,MLB
"Gillespie, Cole",507500.00,2016,MLB
"Gilmartin, Sean",507500.00,2016,MLB
"Gimenez, Chris",975000.00,2016,MLB
"Givens, Mychal",507500.00,2016,MLB
"Glasnow, Tyler",507500.00,2016,MLB
"Godley, Zack",507500.00,2016,MLB
"Goebbert, Jake",507500.00,2016,MLB
"Goeddel, Erik",507500.00,2016,MLB
"Goeddel, Tyler",507500.00,2016,MLB
"Goforth, David",507500.00,2016,MLB
"Goins, Ryan",507500.00,2016,MLB
"Goldschmidt, Paul",5850000.00,2016,MLB
"Gomes, Yan",2583333.00,2016,MLB
"Gomez, Carlos",9000000.00,2016,MLB
"Gomez, Jeanmar",1400000.00,2016,MLB
"Gonzales, Marco",507500.00,2016,MLB
"Gonzalez, Adrian",21857143.00,2016,MLB
"Gonzalez, Alfredo",507500.00,2016,MLB
"Gonzalez, Carlos",17428571.00,2016,MLB
"Gonzalez, Chi Chi",507500.00,2016,MLB
"Gonzalez, Erik",507500.00,2016,MLB
"Gonzalez, Gio",12100000.00,2016,MLB
"Gonzalez, Marwin",2000000.00,2016,MLB
"Gonzalez, Miguel",5100000.00,2016,MLB
"Gonzalez, Severino",507500.00,2016,MLB
"Goodwin, Brian",0.00,2016,MLB
"Goody, Nick",,2016,MLB
"Gordon, Alex",12000000.00,2016,MLB
"Gordon, Dee",3300000.00,2016,MLB
"Gore, Terrance",507500.00,2016,MLB
"Gose, Anthony",507500.00,2016,MLB
"Gosewisch, Tuffy",507500.00,2016,MLB
"Gosselin, Phil",507500.00,2016,MLB
"Gott, Trevor",507500.00,2016,MLB
"Grace, Matt",507500.00,2016,MLB
"Graham, J.R.",507500.00,2016,MLB
"Grandal, Yasmani",2800000.00,2016,MLB
"Granderson, Curtis",16000000.00,2016,MLB
"Graveman, Kendall",507500.00,2016,MLB
"Gray, Jonathan",507500.00,2016,MLB
"Gray, Sonny",507500.00,2016,MLB
"Greene, Shane",507500.00,2016,MLB
"Gregerson, Luke",6250000.00,2016,MLB
"Gregorio, Joan",507500.00,2016,MLB
"Gregorius, Didi",2425000.00,2016,MLB
"Greinke, Zack",34000000.00,2016,MLB
"Grichuk, Randal",507500.00,2016,MLB
"Grilli, Jason",3500000.00,2016,MLB
"Grimm, Justin",1275000.00,2016,MLB
"Gsellman, Robert",507500.00,2016,MLB
"Guaipe, Mayckol",507500.00,2016,MLB
"Guerra, Deolis",507500.00,2016,MLB
"Guerra, Junior",507500.00,2016,MLB
"Guerrero, Alexander",7500000.00,2016,MLB
"Guerrero, Gabby",507500.00,2016,MLB
"Guerrero, Tayron",507500.00,2016,MLB
"Guerrieri, Taylor",507500.00,2016,MLB
"Gustave, Jandel",507500.00,2016,MLB
"Gutierrez, Franklin",1500000.00,2016,MLB
"Guyer, Brandon",1185000.00,2016,MLB
"Gyorko, Jedd",4000000.00,2016,MLB
"Hahn, Jesse",507500.00,2016,MLB
"Hale, David",507500.00,2016,MLB
"Haley, Trey",507500.00,2016,MLB
"Hall, Cody",507500.00,2016,MLB
"Hamels, Cole",23500000.00,2016,MLB
"Hamilton, Billy",507500.00,2016,MLB
"Hamilton, Josh",28410000.00,2016,MLB
"Hammel, Jason",9000000.00,2016,MLB
"Hand, Brad",507500.00,2016,MLB
"Hanigan, Ryan",3700000.00,2016,MLB
"Hanson, Alen",507500.00,2016,MLB
"Happ, J.A.",10000000.00,2016,MLB
"Hardy, Blaine",507500.00,2016,MLB
"Hardy, J.J.",12500000.00,2016,MLB
"Harper, Bryce",5000000.00,2016,MLB
"Harris, Mitch",507500.00,2016,MLB
"Harris, Will",507500.00,2016,MLB
"Harrison, Josh",5250000.00,2016,MLB
"Harrison, Matt",13200000.00,2016,MLB
"Harvey, Matt",4325000.00,2016,MLB
"Hatcher, Chris",1065000.00,2016,MLB
"Headley, Chase",13000000.00,2016,MLB
"Heaney, Andrew",507500.00,2016,MLB
"Heathcott, Slade",507500.00,2016,MLB
"Hechavarria, Adeiny",2625000.00,2016,MLB
"Hedges, Austin",507500.00,2016,MLB
"Hellickson, Jeremy",7000000.00,2016,MLB
"Hembree, Heath",507500.00,2016,MLB
"Hendricks, Kyle",507500.00,2016,MLB
"Hendriks, Liam",507500.00,2016,MLB
"Heredia, Guillermo",507500.00,2016,MLB
"Hernandez, Cesar",507500.00,2016,MLB
"Hernandez, David",3900000.00,2016,MLB
"Hernandez, Enrique",507500.00,2016,MLB
"Hernandez, Felix",25857143.00,2016,MLB
"Hernandez, Marco",507500.00,2016,MLB
"Hernandez, Oscar",507500.00,2016,MLB
"Herrera, Dilson",507500.00,2016,MLB
"Herrera, Kelvin",2550000.00,2016,MLB
"Herrera, Odubel",507500.00,2016,MLB
"Herrmann, Chris",507500.00,2016,MLB
"Hessler, Keith",507500.00,2016,MLB
"Heston, Chris",507500.00,2016,MLB
"Heyward, Jason",17500000.00,2016,MLB
"Hicks, Aaron",507500.00,2016,MLB
"Hicks, John",507500.00,2016,MLB
"Hill, Aaron",12000000.00,2016,MLB
"Hill, Rich",6000000.00,2016,MLB
"Hinojosa, Dalier",0.00,2016,MLB
"Hochevar, Luke",5500000.00,2016,MLB
"Holaday, Bryan",507500.00,2016,MLB
"Holdzkom, John",507500.00,2016,MLB
"Holland, Derek",10000000.00,2016,MLB
"Hollands, Mario",507500.00,2016,MLB
"Holliday, Matt",17000000.00,2016,MLB
"Holt, Brock",507500.00,2016,MLB
"Holt, Tyler",507500.00,2016,MLB
"Hoover, J.J.",1400000.00,2016,MLB
"Hosmer, Eric",8250000.00,2016,MLB
"House, T.J.",507500.00,2016,MLB
"Houser, Adrian",507500.00,2016,MLB
"Howard, Ryan",25000000.00,2016,MLB
"Howell, J.P.",6250000.00,2016,MLB
"Hudson, Daniel",2700000.00,2016,MLB
"Hughes, Jared",2175000.00,2016,MLB
"Hughes, Phil",9200000.00,2016,MLB
"Hundley, Nick",3150000.00,2016,MLB
"Hunter, Tommy",2000000.00,2016,MLB
"Hutchison, Drew",2200000.00,2016,MLB
"Iannetta, Chris",4250000.00,2016,MLB
"Iglesias, Jose",2100000.00,2016,MLB
"Iglesias, Raisel",3214286.00,2016,MLB
"Inciarte, Ender",507500.00,2016,MLB
"Infante, Omar",7750000.00,2016,MLB
"Iwakuma, Hisashi",11000000.00,2016,MLB
"Jackson, Austin",5000000.00,2016,MLB
"Jackson, Edwin",13000000.00,2016,MLB
"Jackson, Luke",507500.00,2016,MLB
"Jankowski, Travis",507500.00,2016,MLB
"Jansen, Kenley",10650000.00,2016,MLB
"Jaso, John",4000000.00,2016,MLB
"Jay, Jon",6850000.00,2016,MLB
"Jeffress, Jeremy",0.00,2016,MLB
"Jenkins, Tyrell",507500.00,2016,MLB
"Jennings, Dan",0.00,2016,MLB
"Jennings, Desmond",3300000.00,2016,MLB
"Jepsen, Kevin",5312500.00,2016,MLB
"Jerez, Williams",507500.00,2016,MLB
"Jimenez, A.J.",507500.00,2016,MLB
"Jimenez, Ubaldo",13000000.00,2016,MLB
"Johnson, Brian",507500.00,2016,MLB
"Johnson, Chris",7500000.00,2016,MLB
"Johnson, Erik",507500.00,2016,MLB
"Johnson, Jim",2500000.00,2016,MLB
"Johnson, Kelly",2000000.00,2016,MLB
"Johnson, Micah",507500.00,2016,MLB
"Johnson, Pierce",507500.00,2016,MLB
"Johnson, Stephen",507500.00,2016,MLB
"Jokisch, Eric",507500.00,2016,MLB
"Jones, Adam",16333333.00,2016,MLB
"Jones, Chris",507500.00,2016,MLB
"Jones, Nate",900000.00,2016,MLB
"Jones, Zach",507500.00,2016,MLB
"Jordan, Taylor",507500.00,2016,MLB
"Joseph, Caleb",507500.00,2016,MLB
"Jungmann, Taylor",507500.00,2016,MLB
"Kahnle, Tommy",507500.00,2016,MLB
"Kang, Jung-Ho",2500000.00,2016,MLB
"Karns, Nate",507500.00,2016,MLB
"Kazmir, Scott",12666667.00,2016,MLB
"Kela, Keone",507500.00,2016,MLB
"Kelley, Shawn",4000000.00,2016,MLB
"Kelly, Casey",507500.00,2016,MLB
"Kelly, Joe",2600000.00,2016,MLB
"Kemp, Matt",21750000.00,2016,MLB
"Kendrick, Howie",10000000.00,2016,MLB
"Kennedy, Ian",7500000.00,2016,MLB
"Kepler, Max",507500.00,2016,MLB
"Kershaw, Clayton",34571429.00,2016,MLB
"Keuchel, Dallas",7250000.00,2016,MLB
"Kieboom, Spencer",507500.00,2016,MLB
"Kiekhefer, Dean",507500.00,2016,MLB
"Kiermaier, Kevin",507500.00,2016,MLB
"Kim, Hyun-soo",2800000.00,2016,MLB
"Kimbrel, Craig",11250000.00,2016,MLB
"Kingham, Nick",507500.00,2016,MLB
"Kinsler, Ian",14000000.00,2016,MLB
"Kipnis, Jason",6166667.00,2016,MLB
"Kivlehan, Patrick",507500.00,2016,MLB
"Klein, Phil",507500.00,2016,MLB
"Kluber, Corey",4700000.00,2016,MLB
"Knebel, Corey",507500.00,2016,MLB
"Koch, Matt",507500.00,2016,MLB
"Koehler, Tom",3500000.00,2016,MLB
"Kontos, George",1150000.00,2016,MLB
"Krol, Ian",507500.00,2016,MLB
"Kubitza, Kyle",507500.00,2016,MLB
"La Stella, Tommy",507500.00,2016,MLB
"Labourt, Jairo",507500.00,2016,MLB
"Lackey, John",16000000.00,2016,MLB
"Ladendorf, Tyler",507500.00,2016,MLB
"Lagares, Juan",2500000.00,2016,MLB
"Lake, Junior",507500.00,2016,MLB
"Lamb, Jake",507500.00,2016,MLB
"Lamb, John",507500.00,2016,MLB
"Lambo, Andrew",507500.00,2016,MLB
"Landa, Yorman",507500.00,2016,MLB
"LaRoche, Adam",13000000.00,2016,MLB
"Latos, Mat",3000000.00,2016,MLB
"Law, Derek",507500.00,2016,MLB
"Lawrie, Brett",4125000.00,2016,MLB
"Layne, Tommy",507500.00,2016,MLB
"Lazo, Raudel",507500.00,2016,MLB
"Leake, Mike",12000000.00,2016,MLB
"Leclerc, Jose",507500.00,2016,MLB
"Lee, Chris",507500.00,2016,MLB
"Lee, Nick",507500.00,2016,MLB
"Lee, Zach",507500.00,2016,MLB
"LeMahieu, D.J.",3000000.00,2016,MLB
"Leon, Arnold",507500.00,2016,MLB
"Leone, Dominic",507500.00,2016,MLB
"Lester, Jon",25000000.00,2016,MLB
"Lewis, Colby",,2016,MLB
"Liberatore, Adam",507500.00,2016,MLB
"Light, Pat",507500.00,2016,MLB
"Lind, Adam",8000000.00,2016,MLB
"Lindgren, Jacob",507500.00,2016,MLB
"Lindor, Francisco",507500.00,2016,MLB
"Liriano, Francisco",13666667.00,2016,MLB
"Liriano, Rymer",507500.00,2016,MLB
"Lobaton, Jose",1387500.00,2016,MLB
"Lobstein, Kyle",507500.00,2016,MLB
"Locke, Jeff",3025000.00,2016,MLB
"Logan, Boone",6250000.00,2016,MLB
"Loney, James",9666667.00,2016,MLB
"Longoria, Evan",12100000.00,2016,MLB
"Lopez, Javier",5000000.00,2016,MLB
"Lopez, Jorge",507500.00,2016,MLB
"Lorenzen, Michael",507500.00,2016,MLB
"Loup, Aaron",1050000.00,2016,MLB
"Lowe, Mark",5500000.00,2016,MLB
"Lowrie, Jed",7500000.00,2016,MLB
"Lucroy, Jonathan",4350000.00,2016,MLB
"Lugo, Seth",507500.00,2016,MLB
"Lyles, Jordan",2975000.00,2016,MLB
"Lynn, Lance",7500000.00,2016,MLB
"Lyons, Tyler",507500.00,2016,MLB
"Machado, Dixon",507500.00,2016,MLB
"Machado, Manny",5000000.00,2016,MLB
"Madson, Ryan",6666667.00,2016,MLB
"Maeda, Kenta",3125000.00,2016,MLB
"Magnifico, Damien",507500.00,2016,MLB
"Mahtook, Mikie",507500.00,2016,MLB
"Maile, Luke",507500.00,2016,MLB
"Maldonado, Martin",1125000.00,2016,MLB
"Maness, Seth",1400000.00,2016,MLB
"Manship, Jeff",760000.00,2016,MLB
"Margot, Manuel",507500.00,2016,MLB
"Mariot, Michael",507500.00,2016,MLB
"Marisnick, Jake",507500.00,2016,MLB
"Markakis, Nick",11000000.00,2016,MLB
"Marksberry, Matt",507500.00,2016,MLB
"Marquez, German",507500.00,2016,MLB
"Marrero, Deven",507500.00,2016,MLB
"Marshall, Evan",507500.00,2016,MLB
"Marte, Jefry",0.00,2016,MLB
"Marte, Ketel",507500.00,2016,MLB
"Marte, Starling",3333333.00,2016,MLB
"Martin, Cody",507500.00,2016,MLB
"Martin, Josh",507500.00,2016,MLB
"Martin, Leonys",4150000.00,2016,MLB
"Martin, Rafael",507500.00,2016,MLB
"Martin, Russell",15000000.00,2016,MLB
"Martinez, Carlos",507500.00,2016,MLB
"Martinez, J.D.",6750000.00,2016,MLB
"Martinez, Jose",507500.00,2016,MLB
"Martinez, Nick",519190.00,2016,MLB
"Martinez, Victor",18000000.00,2016,MLB
"Mathis, Jeff",1500000.00,2016,MLB
"Matusz, Brian",3900000.00,2016,MLB
"Matz, Steven",507500.00,2016,MLB
"Matzek, Tyler",507500.00,2016,MLB
"Mauer, Joe",23000000.00,2016,MLB
"Maurer, Brandon",507500.00,2016,MLB
"May, Trevor",507500.00,2016,MLB
"Maybin, Cameron",8100000.00,2016,MLB
"Mazara, Nomar",507500.00,2016,MLB
"Mazzoni, Cory",507500.00,2016,MLB
"McAllister, Zach",1300000.00,2016,MLB
"McCann, Brian",17000000.00,2016,MLB
"McCann, James",507500.00,2016,MLB
"McCarthy, Brandon",12500000.00,2016,MLB
"McCullers Jr., Lance",0.00,2016,MLB
"McCutchen, Andrew",0.00,2016,MLB
"McFarland, Blake",507500.00,2016,MLB
"McFarland, T.J.",507500.00,2016,MLB
"McGee, Jake",4800000.00,2016,MLB
"McGough, Scott",507500.00,2016,MLB
"McHugh, Collin",507500.00,2016,MLB
"McKirahan, Andrew",507500.00,2016,MLB
"Medlen, Kris",5500000.00,2016,MLB
"Mejia, Adalberto",507500.00,2016,MLB
"Mejia, Jenrry",2470000.00,2016,MLB
"Melancon, Mark",9650000.00,2016,MLB
"Melotakis, Mason",507500.00,2016,MLB
"Mendez, Yohander",507500.00,2016,MLB
"Mercer, Jordy",2075000.00,2016,MLB
"Merritt, Ryan",507500.00,2016,MLB
"Mesoraco, Devin",5025000.00,2016,MLB
"Meyer, Alex",507500.00,2016,MLB
"Miley, Wade",6166667.00,2016,MLB
"Miller, Andrew",9000000.00,2016,MLB
"Miller, Brad",507500.00,2016,MLB
"Miller, Justin",507500.00,2016,MLB
"Miller, Shelby",4350000.00,2016,MLB
"Mills, Alec",507500.00,2016,MLB
"Milone, Tom",4500000.00,2016,MLB
"Minaya, Juan",507500.00,2016,MLB
"Minor, Mike",2000000.00,2016,MLB
"Mitchell, Bryan",507500.00,2016,MLB
"Molina, Yadier",14200000.00,2016,MLB
"Mondesi, Raul Adalberto",507500.00,2016,MLB
"Montas, Frankie",507500.00,2016,MLB
"Montero, Jesus",507500.00,2016,MLB
"Montero, Miguel",14000000.00,2016,MLB
"Montero, Rafael",507500.00,2016,MLB
"Montgomery, Mike",507500.00,2016,MLB
"Moore, Matt",5100000.00,2016,MLB
"Moore, Tyler",900000.00,2016,MLB
"Morales, Kendrys",9000000.00,2016,MLB
"Moreland, Mitch",5700000.00,2016,MLB
"Morgan, Adam",507500.00,2016,MLB
"Morimando, Shawn",507500.00,2016,MLB
"Morin, Mike",507500.00,2016,MLB
"Moroff, Max",507500.00,2016,MLB
"Morris, Akeel",507500.00,2016,MLB
"Morris, Bryan",1350000.00,2016,MLB
"Morrison, Logan",4200000.00,2016,MLB
"Morse, Michael",8500000.00,2016,MLB
"Morton, Charlie",8000000.00,2016,MLB
"Moscot, Jon",507500.00,2016,MLB
"Moss, Brandon",8250000.00,2016,MLB
"Motte, Jason",5000000.00,2016,MLB
"Motter, Taylor",507500.00,2016,MLB
"Moustakas, Mike",5600000.00,2016,MLB
"Moya, Steven",507500.00,2016,MLB
"Muncy, Max",0.00,2016,MLB
"Murphy, Daniel",8000000.00,2016,MLB
"Murphy, John Ryan",507500.00,2016,MLB
"Murphy, Tom",507500.00,2016,MLB
"Murray, Colton",507500.00,2016,MLB
"Musgrove, Joe",507500.00,2016,MLB
"Myers, Wil",507500.00,2016,MLB
"Napoli, Mike",7000000.00,2016,MLB
"Naquin, Taylor",507500.00,2016,MLB
"Nava, Daniel",1375000.00,2016,MLB
"Navarro, Dioner",4000000.00,2016,MLB
"Navarro, Rey",507500.00,2016,MLB
"Nelson, Jimmy",507500.00,2016,MLB
"Neris, Hector",507500.00,2016,MLB
"Nesbitt, Angel",,2016,MLB
"Neshek, Pat",6500000.00,2016,MLB
"Ngoepe, Gift",507500.00,2016,MLB
"Nicasio, Juan",3000000.00,2016,MLB
"Nicolino, Justin",507500.00,2016,MLB
"Niese, Jon",9050000.00,2016,MLB
"Nieuwenhuis, Kirk",507500.00,2016,MLB
"Nimmo, Brandon",507500.00,2016,MLB
"Nola, Aaron",507500.00,2016,MLB
"Nolasco, Ricky",12000000.00,2016,MLB
"Nolin, Sean",507500.00,2016,MLB
"Norris, Bud",2500000.00,2016,MLB
"Norris, Daniel",507500.00,2016,MLB
"Norris, Derek",2925000.00,2016,MLB
"Nova, Ivan",4100000.00,2016,MLB
"Nunez, Eduardo",1475000.00,2016,MLB
"Nunez, Renato",507500.00,2016,MLB
"Nuno, Vidal",507500.00,2016,MLB
"O'Brien, Pete",507500.00,2016,MLB
"O'Conner, Justin",507500.00,2016,MLB
"O'Day, Darren",0.00,2016,MLB
"O'Grady, Chris",507500.00,2016,MLB
"O'Malley, Shawn",507500.00,2016,MLB
"O'Rourke, Ryan",507500.00,2016,MLB
"Oberg, Scott",507500.00,2016,MLB
"Oberholtzer, Brett",507500.00,2016,MLB
"Odor, Rougned",522700.00,2016,MLB
"Odorizzi, Jake",507500.00,2016,MLB
"Ogando, Nefi",507500.00,2016,MLB
"Oh, Seung-hwan",5000000.00,2016,MLB
"Ohlman, Michael",507500.00,2016,MLB
"Okert, Steven",507500.00,2016,MLB
"Olivera, Hector",8666666.00,2016,MLB
"Olson, Tyler",,2016,MLB
"Oretga, Rafael",507500.00,2016,MLB
"Orlando, Paulo",514250.00,2016,MLB
"Ortiz, David",16000000.00,2016,MLB
"Osich, Josh",507500.00,2016,MLB
"Osuna, Roberto",507500.00,2016,MLB
"Otero, Danny",507500.00,2016,MLB
"Ottavino, Adam",1300000.00,2016,MLB
"Owens, Henry",507500.00,2016,MLB
"Owings, Chris",507500.00,2016,MLB
"Ozuna, Marcell",507500.00,2016,MLB
"Pagan, Angel",11250000.00,2016,MLB
"Panik, Joe",507500.00,2016,MLB
"Papelbon, Jonathan",11000000.00,2016,MLB
"Paredes, Jimmy",507500.00,2016,MLB
"Park, Byung Ho",2750000.00,2016,MLB
"Parker, Jarrett",507500.00,2016,MLB
"Parker, Jarrod",850000.00,2016,MLB
"Parra, Gerardo",8000000.00,2016,MLB
"Patton, Spencer",507500.00,2016,MLB
"Paulino, David",507500.00,2016,MLB
"Paulsen, Ben",0.00,2016,MLB
"Paxton, James",507500.00,2016,MLB
"Pazos, James",507500.00,2016,MLB
"Peacock, Brad",507500.00,2016,MLB
"Pearce, Steve",4750000.00,2016,MLB
"Peavy, Jake",15000000.00,2016,MLB
"Pederson, Joc",507500.00,2016,MLB
"Pedroia, Dustin",13125000.00,2016,MLB
"Pelfrey, Mike",8000000.00,2016,MLB
"Pena, Ariel",507500.00,2016,MLB
"Pena, Brayan",2500000.00,2016,MLB
"Pena, Francisco",507500.00,2016,MLB
"Pence, Hunter",18500000.00,2016,MLB
"Pennington, Cliff",1500000.00,2016,MLB
"Peralta, David",507500.00,2016,MLB
"Peralta, Jhonny",12500000.00,2016,MLB
"Peralta, Wily",2800000.00,2016,MLB
"Peraza, Jose",507500.00,2016,MLB
"Perdomo, Luis",507500.00,2016,MLB
"Perez, Carlos",507500.00,2016,MLB
"Perez, Martin",3150000.00,2016,MLB
"Perez, Oliver",3000000.00,2016,MLB
"Perez, Roberto",507500.00,2016,MLB
"Perez, Salvador",2000000.00,2016,MLB
"Perez, Williams",507500.00,2016,MLB
"Perkins, Glen",6300000.00,2016,MLB
"Peterson, Jace",507500.00,2016,MLB
"Petit, Yusmeiro",2500000.00,2016,MLB
"Petricka, Jake",507500.00,2016,MLB
"Pham, Tommy",507500.00,2016,MLB
"Phegley, Josh",507500.00,2016,MLB
"Phelps, David",2500000.00,2016,MLB
"Phillips, Brandon",13000000.00,2016,MLB
"Phillips, Zach",507500.00,2016,MLB
"Pierzynski, A.J.",3000000.00,2016,MLB
"Pillar, Kevin",507500.00,2016,MLB
"Pinder, Branden",507500.00,2016,MLB
"Pineda, Michael",4300000.00,2016,MLB
"Pirela, Jose",507500.00,2016,MLB
"Piscotty, Stephen",507500.00,2016,MLB
"Plawecki, Kevin",507500.00,2016,MLB
"Plouffe, Trevor",7250000.00,2016,MLB
"Polanco, Gregory",507500.00,2016,MLB
"Polanco, Jorge",507500.00,2016,MLB
"Pollock, A.J.",3500000.00,2016,MLB
"Pomeranz, Drew",1350000.00,2016,MLB
"Pompey, Dalton",507500.00,2016,MLB
"Porcello, Rick",20125000.00,2016,MLB
"Posey, Buster",20777777.00,2016,MLB
"Powell, Boog",507500.00,2016,MLB
"Prado, Martin",11000000.00,2016,MLB
"Pressly, Ryan",507500.00,2016,MLB
"Price, David",30000000.00,2016,MLB
"Profar, Jurickson",605000.00,2016,MLB
"Puig, Yasiel",7214286.00,2016,MLB
"Pujols, Albert",25000000.00,2016,MLB
"Putnam, Zach",975000.00,2016,MLB
"Quackenbush, Kevin",507500.00,2016,MLB
"Qualls, Chad",2250000.00,2016,MLB
"Quinn, Roman",,2016,MLB
"Quintana, Jose",0.00,2016,MLB
"Ramirez, Alexei",3000000.00,2016,MLB
"Ramirez, Erasmo",2375000.00,2016,MLB
"Ramirez, Hanley",22750000.00,2016,MLB
"Ramirez, Harold",507500.00,2016,MLB
"Ramirez, Jose",507500.00,2016,MLB
"Ramirez, Jose A.",507500.00,2016,MLB
"Ramirez, Neil",507500.00,2016,MLB
"Ramirez, Noe",507500.00,2016,MLB
"Ramos, A.J.",3400000.00,2016,MLB
"Ramos, Edubray",507500.00,2016,MLB
"Ramos, Wilson",5350000.00,2016,MLB
"Ramsey, James",507500.00,2016,MLB
"Ranaudo, Anthony",507500.00,2016,MLB
"Rasmus, Colby",15800000.00,2016,MLB
"Rasmus, Cory",507500.00,2016,MLB
"Rasmussen, Rob",507500.00,2016,MLB
"Ravelo, Rangel",507500.00,2016,MLB
"Ravin, Josh",507500.00,2016,MLB
"Ray, Robbie",507500.00,2016,MLB
"Rea, Colin",507500.00,2016,MLB
"Realmuto, J.T.",507500.00,2016,MLB
"Reddick, Josh",6575000.00,2016,MLB
"Reed, Addison",5300000.00,2016,MLB
"Reed, Michael",507500.00,2016,MLB
"Refsnyder, Rob",507500.00,2016,MLB
"Reimold, Nolan",1300000.00,2016,MLB
"Rendon, Anthony",2800000.00,2016,MLB
"Revere, Ben",0.00,2016,MLB
"Reyes, Jose",22000000.00,2016,MLB
"Reynolds, Danny",507500.00,2016,MLB
"Reynolds, Mark",2600000.00,2016,MLB
"Reynolds, Matt",675000.00,2016,MLB
"Reynolds, Matt",507500.00,2016,MLB
"Richard, Clayton",2000000.00,2016,MLB
"Richards, Garrett",6425000.00,2016,MLB
"Rickard, Joey",507500.00,2016,MLB
"Riefenhauser, C.J.",507500.00,2016,MLB
"Rivera, Rene",1700000.00,2016,MLB
"Rivera, Yadiel",507500.00,2016,MLB
"Rivero, Felipe",507500.00,2016,MLB
"Rizzo, Anthony",5285714.00,2016,MLB
"Roark, Tanner",507500.00,2016,MLB
"Robertson, David",11000000.00,2016,MLB
"Robertson, Montreal",507500.00,2016,MLB
"Robinson, Clint",507500.00,2016,MLB
"Robles, Hansel",507500.00,2016,MLB
"Rodney, Fernando",1600000.00,2016,MLB
"Rodon, Carlos",507500.00,2016,MLB
"Rodriguez, Alex",21000000.00,2016,MLB
"Rodriguez, Eduardo",507500.00,2016,MLB
"Rodriguez, Fernando",1050000.00,2016,MLB
"Rodriguez, Francisco",7500000.00,2016,MLB
"Rodriguez, Paco",507500.00,2016,MLB
"Rodriguez, Sean",2500000.00,2016,MLB
"Rodriguez, Yorman",507500.00,2016,MLB
"Roe, Chaz",507500.00,2016,MLB
"Rogers, Jason",507500.00,2016,MLB
"Rogers, Taylor",507500.00,2016,MLB
"Rojas, Miguel",507500.00,2016,MLB
"Rollins, David",507500.00,2016,MLB
"Romano, Sal",507500.00,2016,MLB
"Romero, Enny",507500.00,2016,MLB
"Romero, Stefen",507500.00,2016,MLB
"Romine, Andrew",900000.00,2016,MLB
"Romine, Austin",507500.00,2016,MLB
"Romo, Sergio",9000000.00,2016,MLB
"Rondon, Bruce",507500.00,2016,MLB
"Rondon, Hector",4200000.00,2016,MLB
"Rondon, Jose",507500.00,2016,MLB
"Rosario, Eddie",507500.00,2016,MLB
"Rosario, Randy",507500.00,2016,MLB
"Rosenthal, Trevor",5600000.00,2016,MLB
"Ross, David",2500000.00,2016,MLB
"Ross, Joe",507500.00,2016,MLB
"Ross, Robbie",1250000.00,2016,MLB
"Ross, Tyson",9625000.00,2016,MLB
"Rosscup, Zac",507500.00,2016,MLB
"Rowen, Ben",507500.00,2016,MLB
"Rua, Ryan",507500.00,2016,MLB
"Ruf, Darin",507500.00,2016,MLB
"Ruggiano, Justin",1650000.00,2016,MLB
"Ruiz, Carlos",8500000.00,2016,MLB
"Rumbelow, Nick",507500.00,2016,MLB
"Rupp, Cameron",507500.00,2016,MLB
"Rusin, Chris",507500.00,2016,MLB
"Russell, Addison",507500.00,2016,MLB
"Rutckyj, Evan",507500.00,2016,MLB
"Ryan, Kyle",507500.00,2016,MLB
"Ryu, Hyun-Jin",7833333.00,2016,MLB
"Rzepczynski, Marc",2950000.00,2016,MLB
"Sabathia, CC",25000000.00,2016,MLB
"Sadzeck, Connor",507500.00,2016,MLB
"Saladino, Tyler",507500.00,2016,MLB
"Salas, Fernando",2400000.00,2016,MLB
"Salazar, Danny",507500.00,2016,MLB
"Sale, Chris",9150000.00,2016,MLB
"Saltalamacchia, Jarrod",507500.00,2016,MLB
"Samardzija, Jeff",10800000.00,2016,MLB
"Sampson, Keyvius",507500.00,2016,MLB
"Sanchez, Aaron",507500.00,2016,MLB
"Sanchez, Anibal",16800000.00,2016,MLB
"Sanchez, Carlos",507500.00,2016,MLB
"Sanchez, Gary",507500.00,2016,MLB
"Sandoval, Pablo",17600000.00,2016,MLB
"Sands, Jerry",507500.00,2016,MLB
"Sano, Miguel Jean",507500.00,2016,MLB
"Santana, Carlos",8450000.00,2016,MLB
"Santana, Danny",507500.00,2016,MLB
"Santana, Domingo",507500.00,2016,MLB
"Santana, Ervin",13500000.00,2016,MLB
"Santiago, Hector",5000000.00,2016,MLB
"Sardinas, Luis",507500.00,2016,MLB
"Saunders, Michael",2900000.00,2016,MLB
"Scahill, Rob",507500.00,2016,MLB
"Schebler, Scott",507500.00,2016,MLB
"Scheppers, Tanner",900000.00,2016,MLB
"Scherzer, Max",22142857.00,2016,MLB
"Schoop, Jonathan",507500.00,2016,MLB
"Schultz, Bo",507500.00,2016,MLB
"Schwarber, Kyle",507500.00,2016,MLB
"Scribner, Evan",807500.00,2016,MLB
"Seager, Corey",507500.00,2016,MLB
"Seager, Kyle",8000000.00,2016,MLB
"Segura, Jean",2600000.00,2016,MLB
"Semien, Marcus",507500.00,2016,MLB
"Senzatela, Antonio",507500.00,2016,MLB
"Severino, Luis",507500.00,2016,MLB
"Severino, Pedro",507500.00,2016,MLB
"Shaffer, Richie",507500.00,2016,MLB
"Shaw, Bryan",2750000.00,2016,MLB
"Shaw, Travis",507500.00,2016,MLB
"Shields, James",21000000.00,2016,MLB
"Shoemaker, Matt",507500.00,2016,MLB
"Shreve, Chasen",507500.00,2016,MLB
"Shuck, J.B.",507500.00,2016,MLB
"Siegrist, Kevin",507500.00,2016,MLB
"Sierra, Yaisel",2000000.00,2016,MLB
"Simmons, Andrelton",6142857.00,2016,MLB
"Simmons, Shae",507500.00,2016,MLB
"Singleton, Jonathan",2000000.00,2016,MLB
"Sipp, Tony",6000000.00,2016,MLB
"Skaggs, Tyler",507500.00,2016,MLB
"Skipworth, Kyle",507500.00,2016,MLB
"Smith, Blake",507500.00,2016,MLB
"Smith, Carson",507500.00,2016,MLB
"Smith, Jake",507500.00,2016,MLB
"Smith, Joe",5250000.00,2016,MLB
"Smith, Kevan",507500.00,2016,MLB
"Smith, Mallex",507500.00,2016,MLB
"Smith, Seth",6750000.00,2016,MLB
"Smith, Will",1475000.00,2016,MLB
"Smoak, Justin",3900000.00,2016,MLB
"Smoker, Josh",507500.00,2016,MLB
"Smolinski, Jake",507500.00,2016,MLB
"Smyly, Drew",3750000.00,2016,MLB
"Snell, Blake",507500.00,2016,MLB
"Socolovich, Miguel",507500.00,2016,MLB
"Sogard, Eric",1500000.00,2016,MLB
"Solarte, Yangervis",507500.00,2016,MLB
"Soler, Jorge",3666667.00,2016,MLB
"Solis, Sammy",507500.00,2016,MLB
"Soria, Joakim",7000000.00,2016,MLB
"Soto, Geovany",2800000.00,2016,MLB
"Soto, Giovanni",507500.00,2016,MLB
"Souza, Steven",507500.00,2016,MLB
"Span, Denard",5000000.00,2016,MLB
"Spangenberg, Cory",507500.00,2016,MLB
"Springer, George",507500.00,2016,MLB
"Stanton, Giancarlo",9000000.00,2016,MLB
"Starling, Bubba",507500.00,2016,MLB
"Stassi, Max",507500.00,2016,MLB
"Stephenson, Robert",507500.00,2016,MLB
"Stewart, Chris",1350000.00,2016,MLB
"Storen, Drew",8375000.00,2016,MLB
"Story, Trevor",507500.00,2016,MLB
"Strahm, Matt",507500.00,2016,MLB
"Straily, Dan",507500.00,2016,MLB
"Strasburg, Stephen",10400000.00,2016,MLB
"Stratton, Chris",507500.00,2016,MLB
"Street, Huston",8000000.00,2016,MLB
"Strickland, Hunter",507500.00,2016,MLB
"Stripling, Ross",507500.00,2016,MLB
"Stroman, Marcus",507500.00,2016,MLB
"Strong, Michael",507500.00,2016,MLB
"Strop, Pedro",4400000.00,2016,MLB
"Stumpf, Daniel",507500.00,2016,MLB
"Suarez, Eugenio",507500.00,2016,MLB
"Sucre, Jesus",507500.00,2016,MLB
"Susac, Andrew",507500.00,2016,MLB
"Suzuki, Ichiro",2000000.00,2016,MLB
"Suzuki, Kurt",6000000.00,2016,MLB
"Sweeney, Darnell",507500.00,2016,MLB
"Swihart, Blake",0.00,2016,MLB
"Swisher, Nick",0.00,2016,MLB
"Syndergaard, Noah",507500.00,2016,MLB
"Szczur, Matt",507500.00,2016,MLB
"Taillon, Jameson",507500.00,2016,MLB
"Tanaka, Masahiro",22000000.00,2016,MLB
"Tapia, Raimel",507500.00,2016,MLB
"Taylor, Chris",507500.00,2016,MLB
"Taylor, Michael",507500.00,2016,MLB
"Tazawa, Junichi",3375000.00,2016,MLB
"Teheran, Julio",3466666.00,2016,MLB
"Teixeira, Mark",23125000.00,2016,MLB
"Tejada, Ruben",3000000.00,2016,MLB
"Telis, Tomas",507500.00,2016,MLB
"Tepera, Ryan",507500.00,2016,MLB
"Thole, Josh",800000.00,2016,MLB
"Thomas, Ian",507500.00,2016,MLB
"Thompson, Trayce",507500.00,2016,MLB
"Thornburg, Tyler",507500.00,2016,MLB
"Tillman, Chris",6225000.00,2016,MLB
"Tilson, Charlie",507500.00,2016,MLB
"Tolleson, Shawn",3275000.00,2016,MLB
"Tomas, Yasmany",7500000.00,2016,MLB
"Tomlin, Josh",2250000.00,2016,MLB
"Tomlinson, Kelby",507500.00,2016,MLB
"Tonkin, Michael",507500.00,2016,MLB
"Torres, Jose",507500.00,2016,MLB
"Torres, Ramon",507500.00,2016,MLB
"Torreyes, Ronnie",507500.00,2016,MLB
"Travis, Devon",507500.00,2016,MLB
"Treinen, Blake",507500.00,2016,MLB
"Triggs, Andrew",507500.00,2016,MLB
"Tropeano, Nick",507500.00,2016,MLB
"Trout, Mike",16083333.00,2016,MLB
"Trumbo, Mark",9150000.00,2016,MLB
"Tucker, Preston",507500.00,2016,MLB
"Tuivailala, Sam",507500.00,2016,MLB
"Tulowitzki, Troy",0.00,2016,MLB
"Turner, Jacob",1500000.00,2016,MLB
"Turner, Justin",5100000.00,2016,MLB
"Turner, Trea",507500.00,2016,MLB
"Uehara, Koji",9000000.00,2016,MLB
"Upton, Justin",22125000.00,2016,MLB
"Upton, Melvin Jr.",16050000.00,2016,MLB
"Urena, Jose",507500.00,2016,MLB
"Uribe, Juan",4000000.00,2016,MLB
"Urrutia, Henry",507500.00,2016,MLB
"Urshela, Giovanny",507500.00,2016,MLB
"Utley, Chase",7000000.00,2016,MLB
"Valbuena, Luis",6125000.00,2016,MLB
"Valdez, Jose",507500.00,2016,MLB
"Valencia, Danny",3150000.00,2016,MLB
"Van Slyke, Scott",1225000.00,2016,MLB
"Vargas, Cesar",,2016,MLB
"Vargas, Jason",8500000.00,2016,MLB
"Vargas, Kennys",507500.00,2016,MLB
"Vazquez, Christian",507500.00,2016,MLB
"Velasquez, Vincent",507500.00,2016,MLB
"Venditte, Pat",507500.00,2016,MLB
"Ventura, Yordano",1200000.00,2016,MLB
"VerHagen, Drew",507500.00,2016,MLB
"Verlander, Justin",28000000.00,2016,MLB
"Verrett, Logan",507500.00,2016,MLB
"Villanueva, Carlos",1500000.00,2016,MLB
"Villanueva, Christian",507500.00,2016,MLB
"Villar, Jonathan",507500.00,2016,MLB
"Vincent, Nick",507500.00,2016,MLB
"Vizcaino, Arodys",897500.00,2016,MLB
"Vogelbach, Dan",507500.00,2016,MLB
"Vogelsong, Ryan",2000000.00,2016,MLB
"Vogt, Stephen",507500.00,2016,MLB
"Volquez, Edinson",9500000.00,2016,MLB
"Votto, Joey",0.00,2016,MLB
"Wacha, Michael",507500.00,2016,MLB
"Wagner, Tyler",507500.00,2016,MLB
"Wainwright, Adam",19500000.00,2016,MLB
"Walden, Jordan",3675000.00,2016,MLB
"Waldrop, Kyle",507500.00,2016,MLB
"Walker, Adam",0.00,2016,MLB
"Walker, Christian",507500.00,2016,MLB
"Walker, Neil",10550000.00,2016,MLB
"Walker, Taijuan",507500.00,2016,MLB
"Wallace, Brett",1000000.00,2016,MLB
"Walsh, Colin",507500.00,2016,MLB
"Walters, Jeff",507500.00,2016,MLB
"Walters, Zach",507500.00,2016,MLB
"Warren, Adam",0.00,2016,MLB
"Watson, Tony",3450000.00,2016,MLB
"Weaver, Jered",20200000.00,2016,MLB
"Webb, Daniel",507500.00,2016,MLB
"Webb, Ryan",1000000.00,2016,MLB
"Weber, Ryan",507500.00,2016,MLB
"Wendelken, J.B.",507500.00,2016,MLB
"Wendle, Joey",507500.00,2016,MLB
"Werth, Jayson",21571429.00,2016,MLB
"Wheeler, Zack",507500.00,2016,MLB
"Whitley, Chase",507500.00,2016,MLB
"Wieland, Joe",590000.00,2016,MLB
"Wieters, Matt",15800000.00,2016,MLB
"Wilhelmsen, Tom",3100000.00,2016,MLB
"Wilkins, Andy",507500.00,2016,MLB
"Williams, Mason",507500.00,2016,MLB
"Williamson, Mac",507500.00,2016,MLB
"Wilson, Alex",507500.00,2016,MLB
"Wilson, C.J.",20500000.00,2016,MLB
"Wilson, Justin",1525000.00,2016,MLB
"Wilson, Tyler",507500.00,2016,MLB
"Winkler, Daniel",507500.00,2016,MLB
"Wisler, Matt",507500.00,2016,MLB
"Withrow, Chris",610000.00,2016,MLB
"Wittgren, Nick",507500.00,2016,MLB
"Wojciechowski, Asher",507500.00,2016,MLB
"Wolters, Tony",507500.00,2016,MLB
"Wong, Kolten",1250000.00,2016,MLB
"Wood, Alex",507500.00,2016,MLB
"Wood, Blake",507500.00,2016,MLB
"Wood, Travis",6170000.00,2016,MLB
"Workman, Brandon",507500.00,2016,MLB
"Worley, Vance",2600000.00,2016,MLB
"Wright, David",20000000.00,2016,MLB
"Wright, Mike",507500.00,2016,MLB
"Wright, Steve",507500.00,2016,MLB
"Yates, Kirby",507500.00,2016,MLB
"Yelich, Christian",1000000.00,2016,MLB
"Ynoa, Gabriel",507500.00,2016,MLB
"Ynoa, Michael",507500.00,2016,MLB
"Ynoa, Rafael",507500.00,2016,MLB
"Young, Chris",6500000.00,2016,MLB
"Young, Chris",4250000.00,2016,MLB
"Ziegler, Brad",0.00,2016,MLB
"Zimmer, Kyle",507500.00,2016,MLB
"Zimmerman, Ryan",14000000.00,2016,MLB
"Zimmermann, Jordan",18000000.00,2016,MLB
"Zobrist, Ben",10500000.00,2016,MLB
"Zunino, Mike",507500.00,2016,MLB
"Zych, Tony",507500.00,2016,MLB